feature,importance_score
area,93.67808145173987
floor,50.83695605631586
total_floors,50.41579784261102
area_per_room,13.985169770493691
rooms,21.30624170130909
halls,32.81227159441851
decoration_encoded,28.877056541320734
building_type_encoded,13.507582566450814
area_price_per_room,56.71534064005389
floor_elevator,24.629080589985158
