model_name,MSE,RMSE,MAE,R2
梯度提升,147116.9686671621,383.5582989157738,307.6815331066431,0.9583447651635025
随机森林,182303.05682000006,426.9696204883903,334.68899999999996,0.9483820478898742
岭回归,2044589.6790619832,1429.8914920587447,1117.6911923897017,0.4210874245357109
LASSO回归,2051750.6838623038,1432.3933411819198,1114.6948620092298,0.4190598315304641
线性回归,2075426.0182107843,1440.6338945793218,1116.981808344052,0.41235631105248494
